name	height	weight	bmi
Louis	1.67	54	19.362472659471475
John	1.9	100	27.70083102493075
Jeremy	0.25	1	16.0
